{"!":{"Frame0":[116.0,232.0,135.0,172.0],"NumFrames":1,"Repeating":true,"SecsPerFrame":0.800000011920929},"\"":{"Frame0":[190.0,205.0,227.0,172.0],"NumFrames":1,"Repeating":true,"SecsPerFrame":0.800000011920929},"#":{"Frame0":[262.0,239.0,326.0,176.0],"NumFrames":1,"Repeating":true,"SecsPerFrame":0.800000011920929},"$":{"Frame0":[354.0,241.0,404.0,176.0],"NumFrames":1,"Repeating":true,"SecsPerFrame":0.800000011920929},"%":{"Frame0":[435.0,240.0,490.0,186.0],"NumFrames":1,"Repeating":true,"SecsPerFrame":0.800000011920929},"&":{"Frame0":[513.0,244.0,573.0,181.0],"NumFrames":1,"Repeating":true,"SecsPerFrame":0.800000011920929},"'":{"Frame0":[33.0,548.0,54.0,519.0],"NumFrames":1,"Repeating":true,"SecsPerFrame":0.800000011920929},"(":{"Frame0":[725.0,235.0,754.0,182.0],"NumFrames":1,"Repeating":true,"SecsPerFrame":0.800000011920929},")":{"Frame0":[758.0,233.0,784.0,181.0],"NumFrames":1,"Repeating":true,"SecsPerFrame":0.800000011920929},"*":{"Frame0":[852.0,236.0,906.0,184.0],"NumFrames":1,"Repeating":true,"SecsPerFrame":0.800000011920929},"+":{"Frame0":[939.0,239.0,987.0,189.0],"NumFrames":1,"Repeating":true,"SecsPerFrame":0.800000011920929},",":{"Frame0":[1037.0,253.0,1056.0,227.0],"NumFrames":1,"Repeating":true,"SecsPerFrame":0.800000011920929},"-":{"Frame0":[1109.0,225.0,1152.0,202.0],"NumFrames":1,"Repeating":true,"SecsPerFrame":0.800000011920929},".":{"Frame0":[1204.0,228.0,1224.0,228.0],"NumFrames":1,"Repeating":true,"SecsPerFrame":0.800000011920929},"/":{"Frame0":[1278.0,248.0,1314.0,196.0],"NumFrames":1,"Repeating":true,"SecsPerFrame":0.800000011920929},"0":{"Frame0":[19.0,328.0,64.0,263.0],"NumFrames":1,"Repeating":true,"SecsPerFrame":0.800000011920929},"1":{"Frame0":[101.0,326.0,152.0,264.0],"NumFrames":1,"Repeating":true,"SecsPerFrame":0.800000011920929},"1021":{"Frame0":[1021.0,319.0,1074.0,264.0],"NumFrames":1,"Repeating":true,"SecsPerFrame":0.800000011920929},"2":{"Frame0":[182.0,329.0,239.0,266.0],"NumFrames":1,"Repeating":true,"SecsPerFrame":0.800000011920929},"3":{"Frame0":[268.0,329.0,324.0,264.0],"NumFrames":1,"Repeating":true,"SecsPerFrame":0.800000011920929},"4":{"Frame0":[348.0,331.0,407.0,265.0],"NumFrames":1,"Repeating":true,"SecsPerFrame":0.800000011920929},"5":{"Frame0":[435.0,328.0,484.0,264.0],"NumFrames":1,"Repeating":true,"SecsPerFrame":0.800000011920929},"6":{"Frame0":[518.0,329.0,570.0,265.0],"NumFrames":1,"Repeating":true,"SecsPerFrame":0.800000011920929},"7":{"Frame0":[601.0,328.0,661.0,264.0],"NumFrames":1,"Repeating":true,"SecsPerFrame":0.800000011920929},"8":{"Frame0":[689.0,331.0,736.0,265.0],"NumFrames":1,"Repeating":true,"SecsPerFrame":0.800000011920929},"9":{"Frame0":[770.0,328.0,818.0,263.0],"NumFrames":1,"Repeating":true,"SecsPerFrame":0.800000011920929},":":{"Frame0":[868.0,316.0,888.0,272.0],"NumFrames":1,"Repeating":true,"SecsPerFrame":0.800000011920929},";":{"Frame0":[951.0,329.0,974.0,273.0],"NumFrames":1,"Repeating":true,"SecsPerFrame":0.800000011920929},"<":{"Frame0":[1021.0,319.0,1074.0,264.0],"NumFrames":1,"Repeating":true,"SecsPerFrame":0.800000011920929},"=":{"Frame0":[1106.0,315.0,1161.0,278.0],"NumFrames":1,"Repeating":true,"SecsPerFrame":0.800000011920929},">":{"Frame0":[1191.0,319.0,1242.0,264.0],"NumFrames":1,"Repeating":true,"SecsPerFrame":0.800000011920929},"?":{"Frame0":[1275.0,332.0,1322.0,264.0],"NumFrames":1,"Repeating":true,"SecsPerFrame":0.800000011920929},"@":{"Frame0":[13.0,410.0,83.0,342.0],"NumFrames":1,"Repeating":true,"SecsPerFrame":0.800000011920929},"A":{"Frame0":[97.0,412.0,159.0,348.0],"NumFrames":1,"Repeating":true,"SecsPerFrame":0.800000011920929},"B":{"Frame0":[182.0,414.0,239.0,351.0],"NumFrames":1,"Repeating":true,"SecsPerFrame":0.800000011920929},"C":{"Frame0":[266.0,414.0,326.0,349.0],"NumFrames":1,"Repeating":true,"SecsPerFrame":0.800000011920929},"D":{"Frame0":[347.0,413.0,404.0,349.0],"NumFrames":1,"Repeating":true,"SecsPerFrame":0.800000011920929},"E":{"Frame0":[438.0,414.0,488.0,350.0],"NumFrames":1,"Repeating":true,"SecsPerFrame":0.800000011920929},"F":{"Frame0":[518.0,414.0,563.0,351.0],"NumFrames":1,"Repeating":true,"SecsPerFrame":0.800000011920929},"G":{"Frame0":[601.0,412.0,657.0,349.0],"NumFrames":1,"Repeating":true,"SecsPerFrame":0.800000011920929},"H":{"Frame0":[683.0,416.0,743.0,348.0],"NumFrames":1,"Repeating":true,"SecsPerFrame":0.800000011920929},"I":{"Frame0":[787.0,416.0,806.0,352.0],"NumFrames":1,"Repeating":true,"SecsPerFrame":0.800000011920929},"J":{"Frame0":[861.0,415.0,898.0,354.0],"NumFrames":1,"Repeating":true,"SecsPerFrame":0.800000011920929},"K":{"Frame0":[933.0,417.0,998.0,350.0],"NumFrames":1,"Repeating":true,"SecsPerFrame":0.800000011920929},"L":{"Frame0":[1021.0,416.0,1075.0,349.0],"NumFrames":1,"Repeating":true,"SecsPerFrame":0.800000011920929},"M":{"Frame0":[1100.0,417.0,1166.0,355.0],"NumFrames":1,"Repeating":true,"SecsPerFrame":0.800000011920929},"N":{"Frame0":[1186.0,415.0,1247.0,354.0],"NumFrames":1,"Repeating":true,"SecsPerFrame":0.800000011920929},"O":{"Frame0":[1269.0,416.0,1326.0,352.0],"NumFrames":1,"Repeating":true,"SecsPerFrame":0.800000011920929},"P":{"Frame0":[13.0,499.0,72.0,432.0],"NumFrames":1,"Repeating":true,"SecsPerFrame":0.800000011920929},"Q":{"Frame0":[102.0,503.0,164.0,437.0],"NumFrames":1,"Repeating":true,"SecsPerFrame":0.800000011920929},"R":{"Frame0":[186.0,499.0,243.0,433.0],"NumFrames":1,"Repeating":true,"SecsPerFrame":0.800000011920929},"S":{"Frame0":[267.0,499.0,315.0,413.0],"NumFrames":1,"Repeating":true,"SecsPerFrame":0.800000011920929},"T":{"Frame0":[345.0,500.0,409.0,435.0],"NumFrames":1,"Repeating":true,"SecsPerFrame":0.800000011920929},"U":{"Frame0":[426.0,498.0,493.0,436.0],"NumFrames":1,"Repeating":true,"SecsPerFrame":0.800000011920929},"V":{"Frame0":[514.0,498.0,578.0,431.0],"NumFrames":1,"Repeating":true,"SecsPerFrame":0.800000011920929},"W":{"Frame0":[594.0,499.0,660.0,432.0],"NumFrames":1,"Repeating":true,"SecsPerFrame":0.800000011920929},"X":{"Frame0":[680.0,501.0,748.0,435.0],"NumFrames":1,"Repeating":true,"SecsPerFrame":0.800000011920929},"Y":{"Frame0":[766.0,498.0,831.0,431.0],"NumFrames":1,"Repeating":true,"SecsPerFrame":0.800000011920929},"Z":{"Frame0":[848.0,497.0,831.0,431.0],"NumFrames":1,"Repeating":true,"SecsPerFrame":0.800000011920929},"[":{"Frame0":[952.0,500.0,983.0,435.0],"NumFrames":1,"Repeating":true,"SecsPerFrame":0.800000011920929},"\\":{"Frame0":[1028.0,499.0,1073.0,435.0],"NumFrames":1,"Repeating":true,"SecsPerFrame":0.800000011920929},"]":{"Frame0":[1118.0,499.0,1141.0,434.0],"NumFrames":1,"Repeating":true,"SecsPerFrame":0.800000011920929},"^":{"Frame0":[1197.0,476.0,1242.0,439.0],"NumFrames":1,"Repeating":true,"SecsPerFrame":0.800000011920929},"_":{"Frame0":[1275.0,498.0,1322.0,485.0],"NumFrames":1,"Repeating":true,"SecsPerFrame":0.800000011920929},"`":{"Frame0":[33.0,548.0,54.0,519.0],"NumFrames":1,"Repeating":true,"SecsPerFrame":0.800000011920929},"a":{"Frame0":[98.0,580.0,144.0,526.0],"NumFrames":1,"Repeating":true,"SecsPerFrame":0.800000011920929},"b":{"Frame0":[187.0,581.0,229.0,523.0],"NumFrames":1,"Repeating":true,"SecsPerFrame":0.800000011920929},"c":{"Frame0":[267.0,581.0,318.0,527.0],"NumFrames":1,"Repeating":true,"SecsPerFrame":0.800000011920929},"d":{"Frame0":[358.0,583.0,402.0,521.0],"NumFrames":1,"Repeating":true,"SecsPerFrame":0.800000011920929},"e":{"Frame0":[434.0,582.0,488.0,529.0],"NumFrames":1,"Repeating":true,"SecsPerFrame":0.800000011920929},"f":{"Frame0":[527.0,582.0,567.0,520.0],"NumFrames":1,"Repeating":true,"SecsPerFrame":0.800000011920929},"g":{"Frame0":[606.0,585.0,643.0,530.0],"NumFrames":1,"Repeating":true,"SecsPerFrame":0.800000011920929},"h":{"Frame0":[687.0,583.0,733.0,528.0],"NumFrames":1,"Repeating":true,"SecsPerFrame":0.800000011920929},"i":{"Frame0":[788.0,584.0,805.0,526.0],"NumFrames":1,"Repeating":true,"SecsPerFrame":0.800000011920929},"j":{"Frame0":[859.0,585.0,889.0,527.0],"NumFrames":1,"Repeating":true,"SecsPerFrame":0.800000011920929},"k":{"Frame0":[938.0,581.0,993.0,524.0],"NumFrames":1,"Repeating":true,