{"IdleDown":{"Frame0":[1.0,449.0,449.0,1.0],"NumFrames":1,"Repeating":true,"SecsPerFrame":0.07999999821186066},"IdleLeft":{"Frame0":[1801.0,449.0,2249.0,1.0],"NumFrames":1,"Repeating":true,"SecsPerFrame":0.07999999821186066},"IdleRight":{"Frame0":[3601.0,449.0,4049.0,1.0],"NumFrames":1,"Repeating":true,"SecsPerFrame":0.07999999821186066},"IdleUp":{"Frame0":[5401.0,449.0,5849.0,1.0],"NumFrames":1,"Repeating":true,"SecsPerFrame":0.07999999821186066},"WalkDown":{"Frame0":[1.0,449.0,449.0,1.0],"Frame1":[451.0,449.0,899.0,1.0],"Frame2":[901.0,449.0,1349.0,1.0],"Frame3":[1351.0,449.0,1799.0,1.0],"NumFrames":4,"Repeating":true,"SecsPerFrame":0.07999999821186066},"WalkLeft":{"Frame0":[1801.0,449.0,2249.0,1.0],"Frame1":[2251.0,449.0,2699.0,1.0],"Frame2":[2701.0,449.0,3149.0,1.0],"Frame3":[3151.0,449.0,3599.0,1.0],"NumFrames":4,"Repeating":true,"SecsPerFrame":0.07999999821186066},"WalkRight":{"Frame0":[3601.0,449.0,4049.0,1.0],"Frame1":[4051.0,449.0,4499.0,1.0],"Frame2":[4501.0,449.0,4949.0,1.0],"Frame3":[4951.0,449.0,5399.0,1.0],"NumFrames":4,"Repeating":true,"SecsPerFrame":0.07999999821186066},"WalkUp":{"Frame0":[5401.0,449.0,5849.0,1.0],"Frame1":[5851.0,449.0,6299.0,1.0],"Frame2":[6301.0,449.0,6749.0,1.0],"Frame3":[6751.0,449.0,7199.0,1.0],"NumFrames":4,"Repeating":true,"SecsPerFrame":0.07999999821186066}}